{"timestamp":1571460363892,"metadata":[{"gid":"6","name":"CRFA-BPPM-PMTS-Pine_Mountain_fault-CFM2","alternative":"1","source_Author":"HRVD","CFM_version":"CFM2","model_description":"CFM2","descriptor":null,"strike":"276.895","dip":"41.9962","area_m2":"1314820000","exposure":null,"slip_sense":null,"reference":null,"reference_check":null,"ID_comments":null,"USGS_ID":"261","blind":"0","area":"Coast Ranges Fault Area","zone":"Big Pine-Pine Mountain fault zone","section":"Pine Mountain","fault":"Pine Mountain fault"},{"gid":"4","name":"CRFA-BPPM-EAST-Big_Pine_fault-CFM4","alternative":"1","source_Author":"CMDT","CFM_version":"CFM4","model_description":null,"descriptor":null,"strike":"82.921","dip":"66.7966","area_m2":"184187000","exposure":"surface","slip_sense":"llss","reference":null,"reference_check":null,"ID_comments":null,"USGS_ID":"86b","blind":"0","area":"Coast Ranges Fault Area","zone":"Big Pine-Pine Mountain fault zone","section":"Eastern Big Pine","fault":"Big Pine fault"},{"gid":"357","name":"WTRA-SGFZ-PLMS-Northern_San_Gabriel_fault-CFM4","alternative":"1","source_Author":"UCSB","CFM_version":"CFM4","model_description":null,"descriptor":null,"strike":"318.476","dip":"59.4999","area_m2":"813256000","exposure":"surface","slip_sense":null,"reference":null,"reference_check":"X","ID_comments":null,"USGS_ID":"89a","blind":"0","area":"Western Transverse Ranges Area","zone":"San Gabriel fault zone","section":"Palomas","fault":"Northern San Gabriel fault"}]}