{"timestamp":1569998033631,"metadata":[{"gid":"314","name":"WTRA-NCVS-PPTV-Pitas_Point_fault_east-CFM5","alternative":"1","source_Author":"UCSB","CFM_version":"CFM5","model_description":"revised steep model","descriptor":null,"strike":"278.183","dip":"43.5888","area_m2":"1248060000","exposure":"surface","slip_sense":"ollr","reference":null,"reference_check":null,"ID_comments":"propose 180a","USGS_ID":"180","blind":"1","area":"Western Transverse Ranges Area","zone":"North Channel-Ventura fault system","section":"Pitas Point-Ventura","fault":"Pitas Point fault-east"}]}