{"timestamp":1571420943568,"metadata":[{"gid":"196","name":"PNRA-ELSZ-LGSD-Laguna_Salada_fault_east_branch_dipping_splay-CFM5","alternative":"3","source_Author":"UCSB","CFM_version":"CFM5","model_description":null,"descriptor":null,"strike":"178.061","dip":"64.8893","area_m2":"40423100","exposure":"surface","slip_sense":"orln","reference":null,"reference_check":"X","ID_comments":null,"USGS_ID":"126g","blind":"1","area":"Peninsular Ranges Area","zone":"Elsinore-Laguna Salada fault zone","section":"Laguna Salada","fault":"Laguna Salada fault-east branch"}]}